id_target,direction,id_pair,n,retain,start,len,tm,gc%,any_th,3'_th,hairpin,rep,seq,header_str,lower_seq
3,LEFT,1,10,TRUE,68,24,58.1,41.67,0,0,0,11,GCACTCACTTGTATGATCTACAGA,3_LEFT|1,gcactcacttgtatgatctacaga
10,RIGHT,2,10,TRUE,243,22,61.16,54.55,0,0,0,11,AGTCCTTACACATGGGGTCTCC,10_RIGHT|2,agtccttacacatggggtctcc
8,RIGHT,3,10,TRUE,204,24,61.24,41.67,0,0,0,12,TGGAATGTGTGTGGGCTATTTTGT,8_RIGHT|3,tggaatgtgtgtgggctattttgt
4,RIGHT,3,10,TRUE,198,20,61.12,55,12.86,2.68,0,12,TGCAGTCAGGAGTCCAAGCT,4_RIGHT|3,tgcagtcaggagtccaagct
1,LEFT,0,10,TRUE,96,22,60.96,54.55,0,0,0,12,TCTGCCCTCCACTCCATCTAAG,1_LEFT|0,tctgccctccactccatctaag
1,RIGHT,2,57,TRUE,196,23,61.13,47.83,0,0,0,12,TGGAAATGGAGAAGTGGGATTGC,1_RIGHT|2,tggaaatggagaagtgggattgc
10,LEFT,0,57,TRUE,72,22,61.26,54.55,18.64,3.37,0,10,CTTTCCGGAACCAAGGCCATAG,10_LEFT|0,ctttccggaaccaaggccatag
11,LEFT,3,57,TRUE,26,22,59.82,50,0,0,0,10.75,TGTCGGGAATGATAGAGGAGGA,11_LEFT|3,tgtcgggaatgatagaggagga
11,RIGHT,1,57,TRUE,186,19,62.66,63.16,13.73,0,0,11,GCGACGCTCCCTTTGGCTA,11_RIGHT|1,gcgacgctccctttggcta
12,LEFT,1,57,TRUE,23,19,61.67,63.16,0,0,0,9,GTCGGCACTTACGGTTGGC,12_LEFT|1,gtcggcacttacggttggc
12,RIGHT,1,57,TRUE,187,21,61.28,57.14,0,0,0,11,CAAGTCCACGCCAGGGTAATG,12_RIGHT|1,caagtccacgccagggtaatg
13,LEFT,2,57,TRUE,102,20,60.89,55,0,0,0,11,CGCTGCTTGAGGTTGAAGGT,13_LEFT|2,cgctgcttgaggttgaaggt
13,RIGHT,0,10,TRUE,206,22,61.01,54.55,0,0,0,12,TAGATCACTAGACCGCACCCAG,13_RIGHT|0,tagatcactagaccgcacccag
14,LEFT,0,10,TRUE,22,22,61.25,54.55,0.33,0,0,10,GAGACACCATGTACAGCAGCAG,14_LEFT|0,gagacaccatgtacagcagcag
14,RIGHT,0,10,TRUE,204,20,61.11,55,0,0,0,11,AAACCCAAACACTCCAGGCG,14_RIGHT|0,aaacccaaacactccaggcg
15,LEFT,0,10,TRUE,19,19,64.75,63.16,10.53,0,0,10,TCGGCGGCACTTCCCCAAA,15_LEFT|0,tcggcggcacttccccaaa
15,RIGHT,1,10,TRUE,196,22,61.01,54.55,2.87,0,33.92,11,ACTATGAGCACCTCGACTCTCC,15_RIGHT|1,actatgagcacctcgactctcc
16,LEFT,1,10,TRUE,50,22,61.54,50,8.43,5.78,0,13,CACCAAATTTCATGCGCGTCTG,16_LEFT|1,caccaaatttcatgcgcgtctg
16,RIGHT,2,57,TRUE,288,23,58.76,47.83,0,0,0,10,CTCCCCACCCTTGAGAATATACT,16_RIGHT|2,ctccccacccttgagaatatact
17,LEFT,3,57,TRUE,103,21,62.49,61.9,9.32,0,0,11,CTCTTGCTCTTCGAGGCTCCC,17_LEFT|3,ctcttgctcttcgaggctccc
17,RIGHT,3,57,TRUE,209,22,62.57,54.55,0,0,0,11,CCCCACCGTCTCAACATGCTTA,17_RIGHT|3,ccccaccgtctcaacatgctta
18,LEFT,2,57,TRUE,75,28,60.32,35.71,0,0,0,12,TGGAAGAGAAGGCTGTTAAAGTATATGT,18_LEFT|2,tggaagagaaggctgttaaagtatatgt
18,RIGHT,1,57,TRUE,295,25,58.29,36,0,0,0,12,TCTCATCAGTGTAAGCTCAAGAAAT,18_RIGHT|1,tctcatcagtgtaagctcaagaaat
19,LEFT,1,57,TRUE,73,22,61.09,50,0,0,0,10,ACAAGCCAGTCCATCCTGTAGT,19_LEFT|1,acaagccagtccatcctgtagt
19,RIGHT,0,57,TRUE,246,22,60.03,45.45,0,0,0,11,ACAAAGGTTTAGGCATCGCAAC,19_RIGHT|0,acaaaggtttaggcatcgcaac
2,LEFT,0,57,TRUE,34,23,58.35,39.13,0,0,0,11,TTGGACATCTTCTGAATTGCTGA,2_LEFT|0,ttggacatcttctgaattgctga
2,RIGHT,1,57,TRUE,225,25,60.28,40,0,0,0,12,ACGTGCTGGAATTAGGTAGTGTTAA,2_RIGHT|1,acgtgctggaattaggtagtgttaa
20,LEFT,1,10,TRUE,59,22,61.27,50,0,0,0,12,TGTTTCTGGACCTGTGCCTTTG,20_LEFT|1,tgtttctggacctgtgcctttg
20,RIGHT,1,10,TRUE,184,20,59.04,55,4.21,0,0,11,TGTGAGTGACAGAGCTGAGG,20_RIGHT|1,tgtgagtgacagagctgagg
3,RIGHT,3,57,TRUE,203,28,58.26,32.14,0,0,0,13,AAGTCACTTATCTTCTTTAGGATGGTAA,3_RIGHT|3,aagtcacttatcttctttaggatggtaa
4,LEFT,4,57,TRUE,103,21,59.85,57.14,0,0,0,12,GAGAGGATGGGCTCTAGGACT,4_LEFT|4,gagaggatgggctctaggact
5,LEFT,1,57,TRUE,91,20,59.23,50,0,0,0,11,TACCATGACACAACCAGGCA,5_LEFT|1,taccatgacacaaccaggca
5,RIGHT,0,57,TRUE,210,20,60.61,50,0,0,0,13,TGGTGTGTTTGTGTGTGCCT,5_RIGHT|0,tggtgtgtttgtgtgtgcct
6,LEFT,0,57,TRUE,112,22,61.21,59.09,0,0,0,10,CTCTCTGAACCTCTCCCCTGAC,6_LEFT|0,ctctctgaacctctcccctgac
6,RIGHT,0,57,TRUE,218,22,61.03,50,0,0,0,12,AGAGCTGGGTTGAGGGTTACTT,6_RIGHT|0,agagctgggttgagggttactt
7,LEFT,0,57,TRUE,78,24,59.84,37.5,0,0,0,12,TCTTTGCCAATGTTTGACAGTTGA,7_LEFT|0,tctttgccaatgtttgacagttga
7,RIGHT,0,57,TRUE,183,22,59.83,45.45,0,0,0,12,TACTTGTTCACTGGGCTGTTCA,7_RIGHT|0,tacttgttcactgggctgttca
8,LEFT,1,57,TRUE,113,22,58.13,45.45,0,0,0,12,AATAAAGTAGTGCCCCGAGTTC,8_LEFT|1,aataaagtagtgccccgagttc
9,RIGHT,0,10,TRUE,192,22,58.91,45.45,0,0,0,12,AAAGATTCAGTAGCCCCTTTGC,9_RIGHT|0,aaagattcagtagcccctttgc
9,RIGHT,0,57,TRUE,192,22,58.91,45.45,0,0,0,12,AAAGATTCAGTAGCCCCTTTGC,9_RIGHT|0,aaagattcagtagcccctttgc
